[
  {
    "id": "cisa-region-3",
    "name": "CISA Region 3 Office",
    "type": "office",
    "sector": "multi-sector",
    "region": "R3",
    "location": {
      "lat": 39.9526,
      "lng": -75.1652
    },
    "source_url": "https://www.cisa.gov/contact-us/regions",
    "first_seen": "2025-01-01T00:00:00Z",
    "last_checked": "2025-08-11T00:00:00Z",
    "sha256": "dummy"
  },
  {
    "id": "fbi-wfo",
    "name": "FBI Washington Field Office",
    "type": "office",
    "sector": "law-enforcement",
    "region": "WFO",
    "location": {
      "lat": 38.8951,
      "lng": -77.0364
    },
    "source_url": "https://www.fbi.gov/contact-us/field-offices/washingtondc",
    "first_seen": "2024-06-01T00:00:00Z",
    "last_checked": "2025-08-11T00:00:00Z",
    "sha256": "dummy"
  }
]