{
  "$schema": "https://json-schema.org/draft/2020-12/schema",
  "title": "Advisory",
  "type": "object",
  "required": [
    "id",
    "title",
    "source",
    "source_url",
    "published",
    "tags",
    "sha256"
  ],
  "properties": {
    "id": {
      "type": "string"
    },
    "title": {
      "type": "string"
    },
    "source": {
      "type": "string"
    },
    "source_url": {
      "type": "string",
      "format": "uri"
    },
    "published": {
      "type": "string",
      "format": "date-time"
    },
    "summary": {
      "type": [
        "string",
        "null"
      ]
    },
    "tags": {
      "type": "array",
      "items": {
        "type": "string"
      }
    },
    "cves": {
      "type": "array",
      "items": {
        "type": "string"
      }
    },
    "sha256": {
      "type": "string"
    }
  }
}