{
  "$schema": "https://json-schema.org/draft/2020-12/schema",
  "title": "Dataset",
  "type": "object",
  "required": [
    "id",
    "name",
    "description",
    "schema",
    "provenance"
  ],
  "properties": {
    "id": {
      "type": "string"
    },
    "name": {
      "type": "string"
    },
    "description": {
      "type": "string"
    },
    "schema": {
      "type": "string"
    },
    "provenance": {
      "type": "object",
      "properties": {
        "source_url": {
          "type": "string",
          "format": "uri"
        },
        "update_cadence": {
          "type": "string"
        },
        "hash": {
          "type": "string"
        }
      }
    }
  }
}