{
  "$schema": "https://json-schema.org/draft/2020-12/schema",
  "title": "Entity",
  "type": "object",
  "required": [
    "id",
    "name",
    "type",
    "sector",
    "source_url",
    "first_seen",
    "last_checked",
    "sha256"
  ],
  "properties": {
    "id": {
      "type": "string"
    },
    "name": {
      "type": "string"
    },
    "type": {
      "type": "string",
      "enum": [
        "agency",
        "program",
        "office",
        "company"
      ]
    },
    "sector": {
      "type": "string"
    },
    "region": {
      "type": [
        "string",
        "null"
      ]
    },
    "location": {
      "type": "object",
      "properties": {
        "lat": {
          "type": "number"
        },
        "lng": {
          "type": "number"
        }
      }
    },
    "source_url": {
      "type": "string",
      "format": "uri"
    },
    "first_seen": {
      "type": "string",
      "format": "date-time"
    },
    "last_checked": {
      "type": "string",
      "format": "date-time"
    },
    "sha256": {
      "type": "string"
    }
  }
}